total_trades,win_rate,profit_factor,total_pnl,avg_win,avg_loss,max_drawdown,symbol,timeframe,threshold
119.0,0.3949579831932773,0.5429075078980057,-1159.2954062223332,29.296653642309447,-35.2255295473733,-1851.452973601486,BTC/USDT,1m,60
48.0,0.4583333333333333,0.581092993938673,-600.1406508031156,37.84063185574367,-55.10132890882601,-1096.5850452538816,BTC/USDT,1m,70
10.0,0.5,2.292632777959803,209.91926678016821,74.46318861031821,-32.47933525428458,-148.15879400359267,BTC/USDT,1m,80
,,,,,,,BTC/USDT,1m,100
146.0,0.5342465753424658,1.0520852742077467,203.98731956523275,52.82561424364592,-57.594273403516915,-1552.4430249046495,BTC/USDT,5m,60
47.0,0.46808510638297873,1.286984230978808,326.2625370924753,66.50583029740186,-45.47462917801464,-479.0285180778555,BTC/USDT,5m,70
7.0,0.7142857142857143,8.114393393566283,348.2835225286726,79.4476593563233,-24.477387126471932,-48.954774252943864,BTC/USDT,5m,80
,,,,,,,BTC/USDT,5m,100
105.0,0.4666666666666667,0.9301289844083678,-123.67062196604213,33.598244561392534,-31.606867954897787,-711.9450694428643,ETH/USDT,1m,60
34.0,0.5,0.5670380177209149,-400.4053579847724,30.84703123917112,-54.40028759121656,-683.4686763323448,ETH/USDT,1m,70
10.0,0.5,0.6673464322131416,-146.64608085219334,58.83823192147787,-88.16744809191655,-424.6215084351047,ETH/USDT,1m,80
,,,,,,,ETH/USDT,1m,100
133.0,0.46616541353383456,0.24148415561110984,-5100.65752672388,26.191384667113464,-94.71159684626639,-5109.373756139322,ETH/USDT,5m,60
37.0,0.4594594594594595,0.18445740632413118,-4390.688773719642,58.41618382492276,-269.1881949371665,-4900.087100106685,ETH/USDT,5m,70
6.0,0.3333333333333333,0.9499344190623278,-6.688781644207211,63.455809224853056,-33.40010002347833,-29.92720477047301,ETH/USDT,5m,80
,,,,,,,ETH/USDT,5m,100
100.0,0.46,1.237154870140371,352.2248672922925,39.944243818146944,-27.503895339675303,-602.0694678598519,SOL/USDT,1m,60
32.0,0.375,1.7544578697717792,289.91978464836063,56.18295248356293,-19.213782257719725,-182.65450489265584,SOL/USDT,1m,70
4.0,0.25,0.41805896709031654,-19.734783609115407,14.177215189873255,-11.303999599662887,-33.91199879898866,SOL/USDT,1m,80
,,,,,,,SOL/USDT,1m,100
129.0,0.5116279069767442,1.7225926862878465,1522.3009414443518,54.98517578945853,-33.44001048666526,-956.9230840372909,SOL/USDT,5m,60
37.0,0.43243243243243246,1.4106831210042354,456.64015389758964,98.03400184504159,-52.94780360109883,-774.0681555105805,SOL/USDT,5m,70
8.0,0.5,4.8263571594098895,995.8818209939917,314.0376836529929,-65.06722840449498,-27.662857400499206,SOL/USDT,5m,80
,,,,,,,SOL/USDT,5m,100
86.0,0.5116279069767442,3.208961716833317,3349.224238143984,110.57778740977425,-36.099962092525786,-346.5758840521007,BNB/USDT,1m,60
34.0,0.5,0.7529553274964518,-178.00150546672234,31.913061687404706,-42.38373847956483,-284.38987450962804,BNB/USDT,1m,70
6.0,0.16666666666666666,0.2175036627550369,-62.9584151748715,17.499999999999996,-16.091683034974302,-80.45841517487149,BNB/USDT,1m,80
,,,,,,,BNB/USDT,1m,100
128.0,0.484375,1.1233963409564323,488.60364093077646,71.74567609583472,-59.99436783349964,-2102.515428255434,BNB/USDT,5m,60
36.0,0.5,1.3232685683458554,171.19691053984997,38.93210938001331,-29.4211699055772,-442.03973076367157,BNB/USDT,5m,70
7.0,0.14285714285714285,0.6485284042598102,-114.01882888034334,210.3852773468547,-54.06735103786634,-315.4526995775816,BNB/USDT,5m,80
,,,,,,,BNB/USDT,5m,100
74.0,0.47297297297297297,0.48476891138498335,-1366.429544813043,36.73261946007229,-68.0018263055275,-1559.1681601825271,EURUSD,1m,60
28.0,0.5357142857142857,0.33245731453632826,-1289.0808734354591,42.80019587609529,-148.5449085828376,-711.7048811700608,EURUSD,1m,70
2.0,1.0,inf,12.183076923073902,6.091538461536951,0.0,0.0,EURUSD,1m,80
,,,,,,,EURUSD,1m,100
38.0,0.2894736842105263,0.2558360207527126,-2043.2769912607596,63.859807700946,-101.69388429522836,-2565.994289765854,EURUSD,5m,60
10.0,0.1,0.00841280103818047,-266.3713222336461,2.2599413733607583,-29.847918178556313,-242.47910666478637,EURUSD,5m,70
,,,,,,,EURUSD,5m,80
,,,,,,,EURUSD,5m,100
117.0,0.46153846153846156,0.6798338688120881,-1611.034522490029,63.348815084692056,-79.87096090576827,-2363.301747008906,GBPUSD,1m,60
33.0,0.45454545454545453,0.9594564655464791,-49.78801520502071,78.54837808141995,-68.22298257924,-546.4894163856135,GBPUSD,1m,70
1.0,0.0,0.0,-77.77777777783534,0.0,-77.77777777783534,0.0,GBPUSD,1m,80
,,,,,,,GBPUSD,1m,100
57.0,0.47368421052631576,1.26990662914708,386.5218679657444,67.35479900766323,-47.735256841372085,-824.8538202672844,GBPUSD,5m,60
12.0,0.5,2.742231967724896,413.2007160260285,108.3946946181768,-39.52790861383871,-102.35895788227704,GBPUSD,5m,70
2.0,1.0,inf,43.23420661672648,21.61710330836324,0.0,0.0,GBPUSD,5m,80
,,,,,,,GBPUSD,5m,100
121.0,0.4628099173553719,0.8142699432035274,-760.3909951468064,59.52989969019146,-62.98562119688506,-3082.758276505017,GBPJPY,1m,60
21.0,0.42857142857142855,0.6733433229958287,-216.50710735338322,49.58778006946349,-55.23309399821287,-459.3429137810124,GBPJPY,1m,70
1.0,0.0,0.0,-38.82812499999884,0.0,-38.82812499999884,0.0,GBPJPY,1m,80
,,,,,,,GBPJPY,1m,100
61.0,0.45901639344262296,0.2451087734176215,-1431.081874951019,16.595140308088762,-57.44684253265165,-1655.4565113681388,GBPJPY,5m,60
10.0,0.2,0.032639335139304955,-1516.6446525508097,25.58625489954627,-195.97714529373775,-1559.7747905775389,GBPJPY,5m,70
,,,,,,,GBPJPY,5m,80
,,,,,,,GBPJPY,5m,100
96.0,0.40625,0.590699754773797,-1703.017256186358,63.020120210967995,-72.99652534059841,-2518.6519796132616,USDCHF,1m,60
37.0,0.4864864864864865,1.6305988641593663,574.2636897691295,82.49598327049439,-47.92968468946156,-577.2201060424891,USDCHF,1m,70
5.0,0.4,3.8113726378201145,215.56367552007438,146.1196362824021,-25.558532348243286,-39.321995192338,USDCHF,1m,80
,,,,,,,USDCHF,1m,100
45.0,0.26666666666666666,0.3583060127719739,-646.145211252911,30.065955492253646,-30.513232641210756,-694.5572112529219,USDCHF,5m,60
18.0,0.2222222222222222,0.2917251797394766,-405.88963159344723,41.7945910061558,-40.9334282584336,-412.70930006616226,USDCHF,5m,70
1.0,0.0,0.0,-49.00000000001553,0.0,-49.00000000001553,0.0,USDCHF,5m,80
,,,,,,,USDCHF,5m,100
178.0,0.37640449438202245,0.7272900665171442,-1786.0776111186083,71.09388089998201,-59.003311994751385,-2408.178577880167,EURAUD,1m,60
60.0,0.38333333333333336,0.8185967610710154,-629.221205930848,123.4526735343493,-93.74682965461842,-1699.5534107560113,EURAUD,1m,70
5.0,0.4,10.397684007305953,1452.4852358684716,803.5215110497778,-51.51926207702804,-117.34702412648464,EURAUD,1m,80
,,,,,,,EURAUD,1m,100
78.0,0.38461538461538464,0.7619374693417884,-748.3798636649046,79.84158025633155,-65.49223481989273,-1633.4464762091861,EURAUD,5m,60
19.0,0.42105263157894735,0.6873334100886834,-362.67804458293307,99.6591677808412,-105.45012607542388,-1113.0988853329854,EURAUD,5m,70
2.0,0.5,0.08866977466977069,-69.89506597751648,6.800586196413478,-76.69565217392996,0.0,EURAUD,5m,80
,,,,,,,EURAUD,5m,100
388.0,0.44329896907216493,0.5992163594289137,-3997.44168546144,34.74780421598165,-46.1762222713439,-5436.619360747248,XAUUSD,1m,60
126.0,0.4444444444444444,0.5827864551787877,-3163.9610632588247,78.92128603087795,-108.33647258554272,-4132.962165925295,XAUUSD,1m,70
16.0,0.4375,0.49474158387696154,-329.00501321343313,46.022407585766935,-72.3513184793113,-486.08114045163717,XAUUSD,1m,80
,,,,,,,XAUUSD,1m,100
117.0,0.452991452991453,3.2526468489907074,9533.128196725707,259.7187862517371,-66.12449179088063,-1519.1446997563653,XAUUSD,5m,60
31.0,0.2903225806451613,1.121877269545798,153.6809841023019,157.18107556372027,-57.31584981687184,-879.8762193855654,XAUUSD,5m,70
5.0,0.2,0.04371965979690892,-183.9318271082542,8.409078979171458,-48.08522652185641,-127.34220204405176,XAUUSD,5m,80
,,,,,,,XAUUSD,5m,100
